mode,scenario,environment,duration_s,requests,successful_requests,failed_requests,sla_failed_requests,recovered_requests,degraded_requests,recovered_transactions,request_availability,sla_request_availability,full_request_availability,sampled_time_availability,downtime_s,failure_episodes,failure_rate_per_uptime_s,mttf_observed_s,mean_uptime_before_failure_s,mtbf_observed_s,exposure_s_per_failure,mttr_observed_s,right_censored_episodes,service_detection_s,recovery_after_clear_s,p95_latency_s,consistent
baseline,crash,minikube,25.229800160000195,80,79,1,1,0,0,0,0.9875,0.9875,0.9875,0.7916198950979019,5.257388403999812,1,0.050069065880316954,3.3046713789999558,3.3046713789999558,,25.229800160000195,5.257388403999812,0,5.238973204000104,0.1793670399997609,0.00597225299998172,True
baseline,database,minikube,26.290182776000165,68,54,14,14,0,0,0,0.7941176470588235,0.7941176470588235,0.7941176470588235,0.5173193400319666,12.689762772999984,1,0.0735271410573648,3.304051604000051,3.304051604000051,,26.290182776000165,12.689762772999984,0,0.22701347700012775,1.7235940119999213,1.0290785010001855,True
baseline,highload,minikube,25.21612964699989,9014,9014,0,0,0,0,0,1.0,1.0,1.0,1.0,0.0,0,0.0,,,,,,0,,0.08196116499993877,0.15921845200000462,True
baseline,node,minikube,99.00189554500002,155,108,47,47,0,0,0,0.6967741935483871,0.6967741935483871,0.6967741935483871,0.27739936276792565,71.53883280800028,2,0.07282508943569102,3.3043457010003294,4.071829017500022,70.12188271199966,49.50094777250001,35.76941640400014,0,6.239328029999797,14.595479651000005,3.077840776999892,True
baseline,timeout,minikube,25.083539110999936,59,59,0,5,0,0,0,1.0,0.9152542372881356,0.9152542372881356,0.5499212306508605,11.28956841399986,1,0.07249544181049193,3.3251183580000543,3.3251183580000543,,25.083539110999936,11.28956841399986,0,2.2604243509999833,1.5374239179996039,2.006608828000026,True
baseline,transaction,minikube,29.10275189899994,115,115,0,0,0,0,1,1.0,1.0,1.0,1.0,0.0,0,0.0,,,,,,0,,0.20692277199987075,0.005713245000151801,False
ft,crash,minikube,25.219851910000216,100,100,0,0,0,0,0,1.0,1.0,1.0,1.0,0.0,0,0.0,,,,,,0,,0.020620356999643263,0.005787839999811695,True
ft,database,minikube,26.229508302999875,95,44,51,51,0,0,0,0.4631578947368421,0.4631578947368421,0.4631578947368421,0.4259219509548398,15.057784953999999,3,0.2685351137225009,3.3117458120000265,1.2760166820000147,7.660431521499959,8.743169434333291,5.019261651333333,0,1.8280618120002146,3.3909759630000735,0.05859879399986312,True
ft,highload,minikube,26.149822043999848,23508,22979,529,529,0,0,0,0.9774970222902841,0.9774970222902841,0.9774970222902841,1.0,0.0,0,0.0,,,,,,0,,0.9609390840000742,0.0970158380000612,True
ft,node,minikube,99.07594869700006,220,210,10,10,1,0,0,0.9545454545454546,0.9545454545454546,0.9545454545454546,0.5458334662470656,44.996980198000074,4,0.0739659078385337,4.322328249000293,1.4628595455000095,13.715946034666558,24.768987174250015,11.249245049500018,0,7.249999125999693,0.08261903100037671,0.012043085000186693,True
ft,timeout,minikube,25.104722916000355,72,72,0,2,0,22,0,1.0,0.9722222222222222,0.6944444444444444,0.7975159059509012,5.083307075999983,2,0.09989303533690366,3.324986075000197,1.7890733200001705,2.78610892100005,12.552361458000178,2.5416535379999914,0,2.5180955939999876,0.8842202920000091,0.7615464130003602,True
ft,transaction,minikube,29.303171985000063,116,109,7,7,0,0,1,0.9396551724137931,0.9396551724137931,0.9396551724137931,0.9396326136670289,1.768955903999995,2,0.0726368963661942,3.3045614509996994,1.9067677914999877,0.7613152130002163,14.651585992500031,0.8844779519999975,0,0.22296018899987757,0.2366189099998337,0.005985103000057279,True
